station_id,line_name,hexcolor
101,1,EE352E
103,1,EE352E
104,1,EE352E
106,1,EE352E
107,1,EE352E
108,1,EE352E
109,1,EE352E
110,1,EE352E
111,1,EE352E
112,1,EE352E
113,1,EE352E
114,1,EE352E
115,1,EE352E
116,1,EE352E
117,1,EE352E
118,1,EE352E
119,1,EE352E
120,1,EE352E
120,2,EE352E
120,3,EE352E
121,1,EE352E
121,2,EE352E
122,1,EE352E
122,2,EE352E
123,1,EE352E
123,2,EE352E
123,3,EE352E
124,1,EE352E
124,2,EE352E
125,1,EE352E
125,2,EE352E
126,1,EE352E
126,2,EE352E
127,1,EE352E
127,2,EE352E
127,3,EE352E
128,1,EE352E
128,2,EE352E
128,3,EE352E
129,1,EE352E
129,2,EE352E
130,1,EE352E
130,2,EE352E
131,1,EE352E
131,2,EE352E
132,1,EE352E
132,2,EE352E
132,3,EE352E
133,1,EE352E
133,2,EE352E
134,1,EE352E
134,2,EE352E
135,1,EE352E
135,2,EE352E
136,1,EE352E
136,2,EE352E
137,1,EE352E
137,2,EE352E
137,3,EE352E
138,1,EE352E
139,1,EE352E
140,1,EE352E
201,2,EE352E
201,5,00933C
204,2,EE352E
204,5,00933C
205,2,EE352E
205,5,00933C
206,2,EE352E
206,5,00933C
207,2,EE352E
207,5,00933C
208,2,EE352E
208,5,00933C
209,2,EE352E
209,5,00933C
210,2,EE352E
210,5,00933C
211,2,EE352E
211,5,00933C
212,2,EE352E
212,5,00933C
213,2,EE352E
213,5,00933C
214,2,EE352E
214,5,00933C
215,2,EE352E
215,5,00933C
216,2,EE352E
216,5,00933C
217,2,EE352E
217,5,00933C
218,2,EE352E
218,5,00933C
219,2,EE352E
219,5,00933C
220,2,EE352E
220,5,00933C
221,2,EE352E
221,5,00933C
222,2,EE352E
222,5,00933C
224,2,EE352E
224,3,EE352E
225,2,EE352E
225,3,EE352E
226,2,EE352E
226,3,EE352E
227,2,EE352E
227,3,EE352E
228,2,EE352E
228,3,EE352E
229,2,EE352E
229,3,EE352E
230,2,EE352E
230,3,EE352E
231,2,EE352E
231,3,EE352E
232,2,EE352E
232,3,EE352E
233,2,EE352E
233,3,EE352E
234,2,EE352E
234,3,EE352E
234,4,00933C
234,5,00933C
235,2,EE352E
235,3,EE352E
235,4,00933C
235,5,00933C
236,2,EE352E
236,3,EE352E
236,4,00933C
237,2,EE352E
237,3,EE352E
237,4,00933C
238,2,EE352E
238,3,EE352E
238,4,00933C
239,2,EE352E
239,3,EE352E
239,4,00933C
239,5,00933C
241,2,EE352E
241,5,00933C
242,2,EE352E
242,5,00933C
243,2,EE352E
243,5,00933C
244,2,EE352E
244,5,00933C
245,2,EE352E
245,5,00933C
246,2,EE352E
246,5,00933C
247,2,EE352E
247,5,00933C
248,2,EE352E
248,3,EE352E
248,4,00933C
248,5,00933C
249,2,EE352E
249,3,EE352E
249,4,00933C
249,5,00933C
250,2,EE352E
250,3,EE352E
250,4,00933C
250,5,00933C
251,2,EE352E
251,3,EE352E
251,4,00933C
251,5,00933C
252,2,EE352E
252,3,EE352E
252,4,00933C
252,5,00933C
253,2,EE352E
253,3,EE352E
253,4,00933C
253,5,00933C
254,2,EE352E
254,3,EE352E
254,4,00933C
254,5,00933C
255,2,EE352E
255,3,EE352E
255,4,00933C
255,5,00933C
256,2,EE352E
256,3,EE352E
256,4,00933C
256,5,00933C
257,2,EE352E
257,3,EE352E
257,4,00933C
257,5,00933C
301,3,EE352E
302,3,EE352E
401,4,00933C
402,4,00933C
405,4,00933C
406,4,00933C
407,4,00933C
408,4,00933C
409,4,00933C
410,4,00933C
411,4,00933C
412,4,00933C
413,4,00933C
414,4,00933C
415,4,00933C
416,4,00933C
416,5,00933C
418,4,00933C
418,5,00933C
419,4,00933C
419,5,00933C
420,4,00933C
420,5,00933C
423,4,00933C
423,5,00933C
501,5,00933C
502,5,00933C
503,5,00933C
504,5,00933C
505,5,00933C
601,6,00933C
601,6X,00A65C
602,6,00933C
602,6X,00A65C
603,6,00933C
603,6X,00A65C
604,6,00933C
604,6X,00A65C
606,6,00933C
606,6X,00A65C
607,6,00933C
607,6X,00A65C
608,6,00933C
608,6X,00A65C
609,6,00933C
609,6X,00A65C
610,6,00933C
610,6X,00A65C
611,6,00933C
611,6X,00A65C
612,6,00933C
612,6X,00A65C
613,6,00933C
613,6X,00A65C
614,6,00933C
615,6,00933C
616,6,00933C
617,6,00933C
618,6,00933C
619,6,00933C
619,6X,00A65C
621,4,00933C
621,5,00933C
621,6,00933C
621,6X,00A65C
622,4,00933C
622,6,00933C
622,6X,00A65C
623,4,00933C
623,6,00933C
623,6X,00A65C
624,4,00933C
624,6,00933C
624,6X,00A65C
625,4,00933C
625,6,00933C
625,6X,00A65C
626,4,00933C
626,5,00933C
626,6,00933C
626,6X,00A65C
627,4,00933C
627,6,00933C
627,6X,00A65C
628,4,00933C
628,6,00933C
628,6X,00A65C
629,4,00933C
629,5,00933C
629,6,00933C
629,6X,00A65C
630,4,00933C
630,6,00933C
630,6X,00A65C
631,4,00933C
631,5,00933C
631,6,00933C
631,6X,00A65C
632,4,00933C
632,6,00933C
632,6X,00A65C
633,4,00933C
633,6,00933C
633,6X,00A65C
634,4,00933C
634,6,00933C
634,6X,00A65C
635,4,00933C
635,5,00933C
635,6,00933C
635,6X,00A65C
636,4,00933C
636,6,00933C
636,6X,00A65C
637,4,00933C
637,6,00933C
637,6X,00A65C
638,4,00933C
638,6,00933C
638,6X,00A65C
639,4,00933C
639,6,00933C
639,6X,00A65C
640,4,00933C
640,5,00933C
640,6,00933C
640,6X,00A65C
701,7,B933AD
701,7X,B933AD
702,7,B933AD
702,7X,B933AD
705,7,B933AD
706,7,B933AD
707,7,B933AD
707,7X,B933AD
708,7,B933AD
709,7,B933AD
710,7,B933AD
711,7,B933AD
712,7,B933AD
712,7X,B933AD
713,7,B933AD
714,7,B933AD
715,7,B933AD
716,7,B933AD
718,7,B933AD
718,7X,B933AD
719,7,B933AD
719,7X,B933AD
720,7,B933AD
720,7X,B933AD
721,7,B933AD
721,7X,B933AD
723,7,B933AD
723,7X,B933AD
724,7,B933AD
724,7X,B933AD
725,7,B933AD
725,7X,B933AD
726,7,B933AD
726,7X,B933AD
901,GS,6D6E71
902,GS,6D6E71
A02,A,2850AD
A03,A,2850AD
A05,A,2850AD
A06,A,2850AD
A07,A,2850AD
A09,A,2850AD
A09,C,2850AD
A10,A,2850AD
A10,C,2850AD
A11,A,2850AD
A11,C,2850AD
A12,A,2850AD
A12,B,FF6319
A12,C,2850AD
A14,A,2850AD
A14,B,FF6319
A14,C,2850AD
A15,A,2850AD
A15,B,FF6319
A15,C,2850AD
A15,D,FF6319
A16,A,2850AD
A16,B,FF6319
A16,C,2850AD
A17,A,2850AD
A17,B,FF6319
A17,C,2850AD
A18,A,2850AD
A18,B,FF6319
A18,C,2850AD
A19,A,2850AD
A19,B,FF6319
A19,C,2850AD
A20,A,2850AD
A20,B,FF6319
A20,C,2850AD
A21,A,2850AD
A21,B,FF6319
A21,C,2850AD
A22,A,2850AD
A22,B,FF6319
A22,C,2850AD
A24,A,2850AD
A24,B,FF6319
A24,C,2850AD
A24,D,FF6319
A25,A,2850AD
A25,C,2850AD
A25,E,2850AD
A27,A,2850AD
A27,C,2850AD
A27,E,2850AD
A28,A,2850AD
A28,C,2850AD
A28,E,2850AD
A30,A,2850AD
A30,C,2850AD
A30,E,2850AD
A31,A,2850AD
A31,C,2850AD
A31,E,2850AD
A32,A,2850AD
A32,C,2850AD
A32,E,2850AD
A33,A,2850AD
A33,C,2850AD
A33,E,2850AD
A34,A,2850AD
A34,C,2850AD
A34,E,2850AD
A36,A,2850AD
A36,C,2850AD
A38,A,2850AD
A38,C,2850AD
A40,A,2850AD
A40,C,2850AD
A41,A,2850AD
A41,C,2850AD
A41,F,FF6319
A42,A,2850AD
A42,C,2850AD
A42,G,6CBE45
A43,A,2850AD
A43,C,2850AD
A44,A,2850AD
A44,C,2850AD
A45,A,2850AD
A45,C,2850AD
A46,A,2850AD
A46,C,2850AD
A47,A,2850AD
A47,C,2850AD
A48,A,2850AD
A48,C,2850AD
A49,A,2850AD
A49,C,2850AD
A50,A,2850AD
A50,C,2850AD
A51,A,2850AD
A51,C,2850AD
A52,A,2850AD
A52,C,2850AD
A53,A,2850AD
A53,C,2850AD
A54,A,2850AD
A54,C,2850AD
A55,A,2850AD
A55,C,2850AD
A57,A,2850AD
A59,A,2850AD
A60,A,2850AD
A61,A,2850AD
A63,A,2850AD
A64,A,2850AD
A65,A,2850AD
B04,F,FF6319
B06,F,FF6319
B08,F,FF6319
B10,F,FF6319
B12,D,FF6319
B13,D,FF6319
B14,D,FF6319
B15,D,FF6319
B16,D,FF6319
B17,D,FF6319
B18,D,FF6319
B19,D,FF6319
B20,D,FF6319
B21,D,FF6319
B22,D,FF6319
B23,D,FF6319
D01,D,FF6319
D03,B,FF6319
D03,D,FF6319
D04,B,FF6319
D04,D,FF6319
D05,B,FF6319
D05,D,FF6319
D06,B,FF6319
D06,D,FF6319
D07,B,FF6319
D07,D,FF6319
D08,B,FF6319
D08,D,FF6319
D09,B,FF6319
D09,D,FF6319
D10,B,FF6319
D10,D,FF6319
D11,B,FF6319
D11,D,FF6319
D12,B,FF6319
D12,D,FF6319
D13,B,FF6319
D13,D,FF6319
D14,B,FF6319
D14,D,FF6319
D14,E,2850AD
D15,B,FF6319
D15,D,FF6319
D15,F,FF6319
D15,M,FF6319
D16,B,FF6319
D16,D,FF6319
D16,F,FF6319
D16,M,FF6319
D17,B,FF6319
D17,D,FF6319
D17,F,FF6319
D17,M,FF6319
D18,F,FF6319
D18,M,FF6319
D19,F,FF6319
D19,M,FF6319
D20,B,FF6319
D20,D,FF6319
D20,F,FF6319
D20,M,FF6319
D21,B,FF6319
D21,D,FF6319
D21,F,FF6319
D21,M,FF6319
D22,B,FF6319
D22,D,FF6319
D24,B,FF6319
D24,Q,FCCC0A
D25,B,FF6319
D25,Q,FCCC0A
D26,B,FF6319
D26,FS,
D26,Q,FCCC0A
D27,Q,FCCC0A
D28,B,FF6319
D28,Q,FCCC0A
D29,Q,FCCC0A
D30,Q,FCCC0A
D31,B,FF6319
D31,Q,FCCC0A
D32,Q,FCCC0A
D33,Q,FCCC0A
D34,Q,FCCC0A
D35,B,FF6319
D35,Q,FCCC0A
D37,Q,FCCC0A
D38,Q,FCCC0A
D39,B,FF6319
D39,Q,FCCC0A
D40,B,FF6319
D40,Q,FCCC0A
D41,Q,FCCC0A
D42,F,FF6319
D42,Q,FCCC0A
D43,D,FF6319
D43,F,FF6319
D43,N,FCCC0A
D43,Q,FCCC0A
E01,E,2850AD
F01,E,2850AD
F01,F,FF6319
F02,F,FF6319
F03,E,2850AD
F03,F,FF6319
F04,F,FF6319
F05,E,2850AD
F05,F,FF6319
F06,E,2850AD
F06,F,FF6319
F07,E,2850AD
F07,F,FF6319
F09,E,2850AD
F09,M,FF6319
F11,E,2850AD
F11,M,FF6319
F12,E,2850AD
F12,M,FF6319
F14,F,FF6319
F15,F,FF6319
F16,F,FF6319
F18,F,FF6319
F20,F,FF6319
F20,G,6CBE45
F21,F,FF6319
F21,G,6CBE45
F22,F,FF6319
F22,G,6CBE45
F23,F,FF6319
F23,G,6CBE45
F24,F,FF6319
F24,G,6CBE45
F25,F,FF6319
F25,G,6CBE45
F26,F,FF6319
F26,G,6CBE45
F27,F,FF6319
F27,G,6CBE45
F29,F,FF6319
F30,F,FF6319
F31,F,FF6319
F32,F,FF6319
F33,F,FF6319
F34,F,FF6319
F35,F,FF6319
F36,F,FF6319
F38,F,FF6319
F39,F,FF6319
G05,E,2850AD
G05,J,996633
G05,Z,996633
G06,E,2850AD
G06,J,996633
G06,Z,996633
G07,E,2850AD
G08,E,2850AD
G08,F,FF6319
G08,M,FF6319
G08,R,FCCC0A
G09,E,2850AD
G09,M,FF6319
G09,R,FCCC0A
G10,E,2850AD
G10,M,FF6319
G10,R,FCCC0A
G11,E,2850AD
G11,M,FF6319
G11,R,FCCC0A
G12,E,2850AD
G12,M,FF6319
G12,R,FCCC0A
G13,E,2850AD
G13,M,FF6319
G13,R,FCCC0A
G14,E,2850AD
G14,F,FF6319
G14,M,FF6319
G14,R,FCCC0A
G15,E,2850AD
G15,M,FF6319
G15,R,FCCC0A
G16,E,2850AD
G16,M,FF6319
G16,R,FCCC0A
G18,E,2850AD
G18,M,FF6319
G18,R,FCCC0A
G19,E,2850AD
G19,M,FF6319
G19,R,FCCC0A
G20,E,2850AD
G20,M,FF6319
G20,R,FCCC0A
G21,E,2850AD
G21,M,FF6319
G21,R,FCCC0A
G22,G,6CBE45
G24,G,6CBE45
G26,G,6CBE45
G28,G,6CBE45
G29,G,6CBE45
G30,G,6CBE45
G31,G,6CBE45
G32,G,6CBE45
G33,G,6CBE45
G34,G,6CBE45
G35,G,6CBE45
G36,G,6CBE45
H01,A,2850AD
H02,A,2850AD
H03,A,2850AD
H04,A,2850AD
H04,H,
H06,A,2850AD
H07,A,2850AD
H08,A,2850AD
H09,A,2850AD
H10,A,2850AD
H11,A,2850AD
H12,A,2850AD
H12,H,
H13,A,2850AD
H13,H,
H14,A,2850AD
H14,H,
H15,A,2850AD
H15,H,
J12,J,996633
J12,Z,996633
J13,J,996633
J14,J,996633
J14,Z,996633
J15,J,996633
J15,Z,996633
J16,J,996633
J17,J,996633
J17,Z,996633
J19,J,996633
J20,J,996633
J20,Z,996633
J21,J,996633
J21,Z,996633
J22,J,996633
J23,J,996633
J23,Z,996633
J24,J,996633
J24,Z,996633
J27,J,996633
J27,Z,996633
J28,J,996633
J28,Z,996633
J29,J,996633
J30,J,996633
J30,Z,996633
J31,J,996633
L01,L,A7A9AC
L02,L,A7A9AC
L03,L,A7A9AC
L05,L,A7A9AC
L06,L,A7A9AC
L08,L,A7A9AC
L10,L,A7A9AC
L11,L,A7A9AC
L12,L,A7A9AC
L13,L,A7A9AC
L14,L,A7A9AC
L15,L,A7A9AC
L16,L,A7A9AC
L17,L,A7A9AC
L19,L,A7A9AC
L20,L,A7A9AC
L21,L,A7A9AC
L22,L,A7A9AC
L24,L,A7A9AC
L25,L,A7A9AC
L26,L,A7A9AC
L27,L,A7A9AC
L28,L,A7A9AC
L29,L,A7A9AC
M01,M,FF6319
M04,M,FF6319
M05,M,FF6319
M06,M,FF6319
M08,M,FF6319
M09,M,FF6319
M10,M,FF6319
M11,J,996633
M11,M,FF6319
M11,Z,996633
M12,J,996633
M12,M,FF6319
M13,J,996633
M13,M,FF6319
M14,J,996633
M14,M,FF6319
M16,J,996633
M16,M,FF6319
M16,Z,996633
M18,J,996633
M18,M,FF6319
M18,Z,996633
M19,J,996633
M19,Z,996633
M20,J,996633
M20,Z,996633
M21,J,996633
M21,Z,996633
M22,J,996633
M22,Z,996633
M23,J,996633
M23,Z,996633
N02,N,FCCC0A
N03,N,FCCC0A
N04,N,FCCC0A
N05,N,FCCC0A
N06,N,FCCC0A
N07,N,FCCC0A
N08,N,FCCC0A
N09,N,FCCC0A
N10,N,FCCC0A
Q01,N,FCCC0A
Q01,Q,FCCC0A
R01,N,FCCC0A
R01,Q,FCCC0A
R03,N,FCCC0A
R03,Q,FCCC0A
R04,N,FCCC0A
R04,Q,FCCC0A
R05,N,FCCC0A
R05,Q,FCCC0A
R06,N,FCCC0A
R06,Q,FCCC0A
R08,N,FCCC0A
R08,Q,FCCC0A
R09,N,FCCC0A
R09,Q,FCCC0A
R11,N,FCCC0A
R11,Q,FCCC0A
R11,R,FCCC0A
R13,N,FCCC0A
R13,Q,FCCC0A
R13,R,FCCC0A
R14,N,FCCC0A
R14,Q,FCCC0A
R14,R,FCCC0A
R15,N,FCCC0A
R15,Q,FCCC0A
R15,R,FCCC0A
R16,N,FCCC0A
R16,Q,FCCC0A
R16,R,FCCC0A
R17,N,FCCC0A
R17,Q,FCCC0A
R17,R,FCCC0A
R18,N,FCCC0A
R18,Q,FCCC0A
R18,R,FCCC0A
R19,N,FCCC0A
R19,Q,FCCC0A
R19,R,FCCC0A
R20,N,FCCC0A
R20,Q,FCCC0A
R20,R,FCCC0A
R21,N,FCCC0A
R21,Q,FCCC0A
R21,R,FCCC0A
R22,N,FCCC0A
R22,Q,FCCC0A
R22,R,FCCC0A
R23,N,FCCC0A
R23,R,FCCC0A
R24,N,FCCC0A
R24,R,FCCC0A
R25,N,FCCC0A
R25,R,FCCC0A
R26,N,FCCC0A
R26,R,FCCC0A
R27,N,FCCC0A
R27,R,FCCC0A
R28,N,FCCC0A
R28,R,FCCC0A
R29,N,FCCC0A
R29,R,FCCC0A
R30,B,FF6319
R30,D,FF6319
R30,N,FCCC0A
R30,Q,FCCC0A
R30,R,FCCC0A
R31,D,FF6319
R31,N,FCCC0A
R31,R,FCCC0A
R32,D,FF6319
R32,N,FCCC0A
R32,R,FCCC0A
R33,D,FF6319
R33,N,FCCC0A
R33,R,FCCC0A
R34,D,FF6319
R34,N,FCCC0A
R34,R,FCCC0A
R35,D,FF6319
R35,N,FCCC0A
R35,R,FCCC0A
R36,D,FF6319
R36,N,FCCC0A
R36,R,FCCC0A
R39,N,FCCC0A
R39,R,FCCC0A
R40,N,FCCC0A
R40,R,FCCC0A
R41,N,FCCC0A
R41,R,FCCC0A
R42,R,FCCC0A
R43,R,FCCC0A
R44,R,FCCC0A
R45,R,FCCC0A
S01,FS,
S03,FS,
S04,FS,
S09,SI,
S10,SI,
S12,SI,
S13,SI,
S14,SI,
S15,SI,
S16,SI,
S17,SI,
S18,SI,
S19,SI,
S20,SI,
S21,SI,
S22,SI,
S23,SI,
S24,SI,
S25,SI,
S26,SI,
S27,SI,
S28,SI,
S29,SI,
S30,SI,
S31,SI,